city,x,y,class
Beijing air,116.614855,40.054516,500
Beijing train,116.114855,40.034516,200
Shanghai air,121.807925,31.151151,117.492629
Shanghai factory,121.831618,30.873677,90.961426